                  epoch,         train/box_loss,         train/cls_loss,         train/dfl_loss,   metrics/precision(B),      metrics/recall(B),       metrics/mAP50(B),    metrics/mAP50-95(B),           val/box_loss,           val/cls_loss,           val/dfl_loss,                 lr/pg0,                 lr/pg1,                 lr/pg2
                      1,                 1.9599,                 2.8321,                 2.0077,                0.01233,                 0.7551,                 0.0249,                0.00697,                 2.3373,                 3.1444,                 2.3993,                0.00044,                0.00044,                0.00044
                      2,                 1.6605,                 2.4051,                 1.7991,                0.07145,                0.22449,                0.11243,                0.03397,                 2.6724,                 3.0112,                 2.8039,             0.00088218,             0.00088218,             0.00088218
                      3,                 1.7064,                 2.1774,                 1.8704,                0.05683,                0.08163,                0.03505,                0.00957,                 2.8432,                 3.0155,                 3.1299,              0.0013061,              0.0013061,              0.0013061
                      4,                 1.6756,                 2.0774,                  1.822,                0.24676,                0.12245,                0.11636,                0.03271,                 2.4879,                 2.9873,                 2.8264,              0.0017119,              0.0017119,              0.0017119
                      5,                  1.625,                 1.9994,                 1.7755,                0.38745,                0.34694,                0.32347,                0.11059,                 2.2335,                 2.3069,                 2.4016,              0.0018416,              0.0018416,              0.0018416
